id,caption,media_type,permalink,timestamp,like_count,comments_count,reach,impressions,saved,shares,plays,total_interactions,date,hour,day_of_week,day_of_week_jp,engagement_total,engagement_rate,save_rate,caption_length,hashtag_count,hashtags,categories,primary_category
18162573574412294,"大変なレポート・テスト期間を乗り越えるための相棒💻📚

教科書の引用も、iPhoneをかざすだけで一瞬でMacに取り込める。この機能のおかげで大学生活が効率化できて本当に充実してます🙌
意外と知られていないけど、テキストだけじゃなくて画像もコピーできるんです！
春から大学生になる人やパソコン選びに悩んでる人は、
Mac × iPhoneの組み合わせがおすすめです！

#PR #Apple #学生にMac #パソコン #学割",VIDEO,https://www.instagram.com/reel/DUqXwTwCQwI/,2026-02-12 15:01:52+00:00,199,0,5154,0,57,11,0,269,2026-02-12,15,Thursday,木,267,5.180442374854482,1.1059371362048895,213,5,"['PR', 'Apple', '学生にMac', 'パソコン', '学割']","['暮らし', '大学生活']",暮らし
18093700366982216,"期末期間中に旅行に行った大学生のvlog
かなりハラハラな試験期間でした😇

#大学生 #大学生の日常 #韓国旅行 #06",VIDEO,https://www.instagram.com/reel/DUa8TaMCVnP/,2026-02-06 15:11:16+00:00,822,1,44390,0,219,54,0,1100,2026-02-06,15,Friday,金,1096,2.4690245550799728,0.4933543590898851,61,4,"['大学生', '大学生の日常', '韓国旅行', '06']","['旅行', '大学生活']",旅行
17873631657417545,"turned 20✨

📷：@rina._nozawa

#glowup #06 #fyp #reels",VIDEO,https://www.instagram.com/reel/DULQNoKiUqW/,2026-01-31 13:01:07+00:00,258,2,5625,0,13,2,0,276,2026-01-31,13,Saturday,土,275,4.888888888888889,0.2311111111111111,52,4,"['glowup', '06', 'fyp', 'reels']",['その他'],その他
18085662773121636,"2025年は
あまり投稿できませんでした
やりたいことに対して行動が追いつかず
自分の弱さが露呈した一年だったので
2026年は完璧を求めすぎないで、ありのままの途中の自分を出して行ける年にしたいです
ただ、色々な人との繋がりができた1年でもあったので、そこは本当に幸せでした😌

(写真動画を全然撮ってなかったので動物のベストショット添えておきます🐈‍⬛)",CAROUSEL_ALBUM,https://www.instagram.com/p/DS7m_pVE37h/,2025-12-31 14:35:43+00:00,503,2,4754,0,16,3,0,524,2025-12-31,14,Wednesday,水,524,11.022297013041648,0.33655868742111905,179,0,[],['その他'],その他
17864535642518594,"久しぶりにちゃんと朝活したら、1日が長過ぎてびっくりした、、
毎日はできなくても週1以上は早起きしたいですね

#vlog #大学生の日常 #東京散歩 #朝活",VIDEO,https://www.instagram.com/reel/DRw1DEXCTGB/,2025-12-02 13:41:32+00:00,568,15,15857,0,133,23,0,741,2025-12-02,13,Tuesday,火,739,4.660402345967081,0.8387462950116668,79,4,"['vlog', '大学生の日常', '東京散歩', '朝活']","['自分磨き', '大学生活']",自分磨き
18078803936314232,"Hawaii🏝️

終始穏やかだった😌",CAROUSEL_ALBUM,https://www.instagram.com/p/DOQ3BneiUwM/,2025-09-06 14:02:53+00:00,580,4,5752,0,14,5,0,603,2025-09-06,14,Saturday,土,603,10.483310152990265,0.24339360222531292,19,0,[],['その他'],その他
17853246471516204,"高円寺にオープンするカフェに行ってきました

大学のクラスメイトが立ち上げた、期間限定のこだわり自然派カフェ(@little_farm_cafe)🫖
本格的な紅茶と、オーガニックのフルーツや野菜を使ったスイーツが見た目も華やかで美味しすぎました、、

店内もおしゃれで居心地が良かったので
皆さんもよかったら行ってみてください！
僕はまた行きます🫣

Little Farm Cafe
📍 東京都杉並区高円寺南4-24-11 宝山ビル112
🚶‍♂️ 高円寺駅から徒歩4分
📅 大学生がやってる期間限定カフェ（※期間の詳細は @little_farm_cafe でご確認ください！）

#高円寺カフェ #高円寺グルメ #littlefarmcafe #大学生カフェ #期間限定カフェ",CAROUSEL_ALBUM,https://www.instagram.com/p/DNqYBViJ4OF/,2025-08-22 15:20:49+00:00,445,1,5971,0,18,3,0,468,2025-08-22,15,Friday,金,467,7.821135488192933,0.30145704237146204,341,5,"['高円寺カフェ', '高円寺グルメ', 'littlefarmcafe', '大学生カフェ', '期間限定カフェ']","['旅行', '大学生活']",旅行
18090666901619097,"2015→2025
こうして見るとだいぶ変わった気がしますね

#fyp #06 #自分磨き",VIDEO,https://www.instagram.com/reel/DK7WvNsJDPk/,2025-06-15 16:04:16+00:00,482,4,21127,0,37,8,0,531,2025-06-15,16,Sunday,日,531,2.5133715151228286,0.17513134851138354,46,3,"['fyp', '06', '自分磨き']",['自分磨き'],自分磨き
18106659490513383,"最近の1日は学校と猫サーか筋トレで終わります

しばらく動画撮るのサボってたので
今度こそ頻度上げていきます🙇

#大学生の日常 #vlog #06 #猫",VIDEO,https://www.instagram.com/reel/DKj2u7zztC1/,2025-06-06 13:05:16+00:00,709,11,29786,0,81,6,0,807,2025-06-06,13,Friday,金,807,2.7093265292419257,0.2719398375075539,77,4,"['大学生の日常', 'vlog', '06', '猫']","['筋トレ', '大学生活']",筋トレ
18060438359037619,"最近の
#06 #fyp",CAROUSEL_ALBUM,https://www.instagram.com/p/DIQ_jQ0zCg4/,2025-04-10 12:09:01+00:00,744,6,7057,0,27,3,0,780,2025-04-10,12,Thursday,木,780,11.052855320957915,0.38259883803315853,12,2,"['06', 'fyp']",['その他'],その他
18065404688307878,"北欧で流行中の新ブランド『BeWider』のデニム。シンプルなのにちゃんと雰囲気があって、余計な装飾がない分シルエットが際立つ。デニム特有の硬さがなくて柔らかく、動きやすいから履き心地が抜群。
サイズ感もちょうどよくて、ピタピタでもダボダボでもない絶妙なバランス。男女どっちが履いてもハマるのがいいですね。
色んな服に合わせやすくて最近ずっと履いてます。

#ad#bewiderdenim #denimlover #denimdetails
＃デニム ＃デニム男子#ストリート＃ストリートファッション#ワイドデニム#ワイドデニムパンツ",CAROUSEL_ALBUM,https://www.instagram.com/p/DHa4aYaT9oO/,2025-03-20 11:47:39+00:00,353,8,5208,0,18,0,0,379,2025-03-20,11,Thursday,木,379,7.27726574500768,0.3456221198156682,268,4,"['ad#bewiderdenim', 'denimlover', 'denimdetails', 'ストリート＃ストリートファッション#ワイドデニム#ワイドデニムパンツ']",['その他'],その他
18050932448204800,"大学生の春休み

猫サークルの集まりで宮城県にある猫島に行ってきた🐈
島の猫みんな人懐っこくて可愛すぎ&癒されすぎた☺️
猫島は他にも何ヶ所かあるみたいなので制覇します！！

#vlog#大学生の日常#fyp#旅行#猫島#田代島",VIDEO,https://www.instagram.com/reel/DHYbQUYTR_5/,2025-03-19 12:55:11+00:00,1630,12,30864,0,440,9,0,2092,2025-03-19,12,Wednesday,水,2091,6.774883359253499,1.425609123898393,114,1,['vlog#大学生の日常#fyp#旅行#猫島#田代島'],"['旅行', '大学生活']",旅行
18045555968368536,"友達とグランピングに行ってきました

猫と自然に囲まれた空間で、日常の疲れが一気に癒される素敵な体験ができました😊
学生でも楽しめるコスパも良い施設で、ぜひ皆さんに一度は行ってもらいたい場所です！！

行ってきたばかりだけどまた行きたい😌

________________________________

🏕️和心村 (わしんむら)
📍千葉県富津市高溝１４
🚗都心から90分！
　アクアライン木更津から車で40分
🉐 公式ＨＰからの予約が１番最安値です🐈

営業時間
チェックイン 15:00~19:00
チェックアウト 11:00
料金
23,000円～

#pr #和心村 #グランピングキャンプ #vlog #大学生 
#fyp",VIDEO,https://www.instagram.com/reel/DHN-4wCz73f/,2025-03-15 11:47:05+00:00,426,14,9046,0,54,2,0,496,2025-03-15,11,Saturday,土,496,5.48308644704842,0.596948927702852,319,6,"['pr', '和心村', 'グランピングキャンプ', 'vlog', '大学生', 'fyp']",['大学生活'],大学生活
18121127284435925,"感性磨き

#坂本龍一#坂本龍一展 #06",CAROUSEL_ALBUM,https://www.instagram.com/p/DGnjVzoTre1/,2025-02-28 13:22:15+00:00,542,12,5545,0,14,1,0,569,2025-02-28,13,Friday,金,569,10.261496844003606,0.25247971145175835,21,2,"['坂本龍一#坂本龍一展', '06']",['その他'],その他
18084881659558509,"#PR #コカコーラ

コカ•コーラクリスマス ドローンショー2024に行ってきました！

近未来的なライトアップで、コカ•コーラの赤色と夜空がマッチしていて最高にお洒落な時間を過ごせました😊

夜空に浮かぶサンタさんと会場の皆で乾杯できて、とにかく一体感が凄かったです！

\夜空を見上げて、コークで乾杯🎄/

#CocaColaChristmas #クリスマスドローンショー#fyp#大学生の日常",VIDEO,https://www.instagram.com/reel/DDhOHsSzVDa/,2024-12-13 12:47:47+00:00,374,1,9641,0,14,3,0,392,2024-12-13,12,Friday,金,392,4.065968260553884,0.14521315216263872,200,4,"['PR', 'コカコーラ', 'CocaColaChristmas', 'クリスマスドローンショー#fyp#大学生の日常']",['大学生活'],大学生活
17989486886732187,"弾丸旅行で尾道へ🐈

レトロな街と猫で大満足な1日でした
夜行バスはもう少し自分の身体が小さければ快適だったはず、、笑
体力に自信がある方にはお勧めしたい旅行プランです😌

#尾道 #尾道観光 #旅行 #vlog #fyp #大学生の日常",VIDEO,https://www.instagram.com/reel/DCzHilJT4Zd/,2024-11-25 15:09:14+00:00,26823,52,770953,0,12845,280,0,40011,2024-11-25,15,Monday,月,40000,5.1883837276721145,1.6661197245487078,119,6,"['尾道', '尾道観光', '旅行', 'vlog', 'fyp', '大学生の日常']","['旅行', '大学生活']",旅行
18317323087094741,"3ヶ月ぶりの運転でスカイツリー周辺観光した休日

最近買ったCalvin Kleinのデニムとスウェットシャツが使いやすくて気に入ってます🙂

#fyp#fashionstyle #outfit #メンズファッション #メンズコーデ",CAROUSEL_ALBUM,https://www.instagram.com/p/DCLygqozu5S/,2024-11-10 08:30:30+00:00,888,14,11838,0,36,0,0,938,2024-11-10,8,Sunday,日,938,7.923635749281973,0.30410542321338063,116,4,"['fyp#fashionstyle', 'outfit', 'メンズファッション', 'メンズコーデ']",['旅行'],旅行
18116816851404382,"お久しぶりです！

今年は自分磨きの秋・ファッションの秋にしたい🍂

#06 #fyp",CAROUSEL_ALBUM,https://www.instagram.com/p/DBeDhc2zKUs/,2024-10-23 14:14:05+00:00,1040,32,15325,0,42,5,0,1119,2024-10-23,14,Wednesday,水,1119,7.30179445350734,0.2740619902120718,43,2,"['06', 'fyp']",['自分磨き'],自分磨き
17948701400841245,"夏休みメインイベント終了

観光最高に楽しかったのでまた行きたい
次は買い物メインで一人旅します

#fyp #06",CAROUSEL_ALBUM,https://www.instagram.com/p/DAI9zvvz8Dc/,2024-09-20 13:08:43+00:00,1022,6,11347,0,41,0,0,1069,2024-09-20,13,Friday,金,1069,9.420992332775183,0.3613289856349696,58,2,"['fyp', '06']",['旅行'],旅行
18030215291067584,"韓国すごく楽しかった🇰🇷

この曲聴きながら歩く夜の韓国は格別でした

#韓国 #fyp #instareels #06",VIDEO,https://www.instagram.com/reel/DAD1ZyiPauI/,2024-09-18 13:24:31+00:00,671,16,33179,0,66,3,0,756,2024-09-18,13,Wednesday,水,756,2.2785496850417433,0.198921004249676,60,4,"['韓国', 'fyp', 'instareels', '06']",['その他'],その他
18079294519470480,"韓国旅行2日目

インスタでよく見る場所を中心に観光

映えには体力が不可欠なことに気づきもっと鍛えようと思いました😑

#韓国 #旅行 #大学生の日常 #06 #fyp",VIDEO,https://www.instagram.com/reel/C_8ASoSvjFV/,2024-09-15 12:23:04+00:00,661,17,28104,0,83,1,0,762,2024-09-15,12,Sunday,日,762,2.7113578138343297,0.29533162539140334,85,5,"['韓国', '旅行', '大学生の日常', '06', 'fyp']","['旅行', '大学生活']",旅行
18058328629671112,"韓国旅行1日目
人生初の韓国旅行、韓国語が分からないで行ったらコミュニケーションに苦戦しました🙄

でもみんな優しくて良かったです

#韓国 #旅行 #vlog #06 #fyp #大学生の日常",VIDEO,https://www.instagram.com/reel/C_0SLqKPDVm/,2024-09-12 12:25:05+00:00,788,14,32124,0,95,1,0,898,2024-09-12,12,Thursday,木,898,2.7954177561947455,0.2957290499315154,97,6,"['韓国', '旅行', 'vlog', '06', 'fyp', '大学生の日常']","['旅行', '大学生活']",旅行
18139908232350606,"韓国で王様になってきました

撮影も編集も一流で感激しました👑
女性の方が衣装も豊富だったので皆さんも良かったら王族になりましょう😎

#fyp #instareels #reelsinstagram #韓国 #大学生の日常 #06",VIDEO,https://www.instagram.com/reel/C_vPdj_PwMN/,2024-09-10 13:28:09+00:00,616,21,20493,0,29,5,0,671,2024-09-10,13,Tuesday,火,671,3.2742887815351582,0.14151173571463427,116,6,"['fyp', 'instareels', 'reelsinstagram', '韓国', '大学生の日常', '06']",['大学生活'],大学生活
18042521764990920,"夏休みの1日

久しぶりに高校の友達と遊んだ日

「ヨシタケシンスケ展かもしれない」
大人も子どもも楽しめる内容でとても良かった。
いつのまにかなくなっていた幼心を思い出す良い機会になりました🙂

#大学生 #fyp #daily",CAROUSEL_ALBUM,https://www.instagram.com/p/C_YHf7fzjEu/,2024-09-01 13:50:36+00:00,1294,18,11954,0,38,1,0,1351,2024-09-01,13,Sunday,日,1351,11.301656349339133,0.3178852267023591,115,3,"['大学生', 'fyp', 'daily']",['大学生活'],大学生活
18038796925883762,"夏の釧路はとても過ごしやすい

最終日にバスツアーで観光したけど
周りが外国人しかいなくて逆に居心地良かった。

#北海道 #免許合宿 #釧路 #一人旅 #fyp",CAROUSEL_ALBUM,https://www.instagram.com/p/C_A5TaNzfaw/,2024-08-23 13:24:01+00:00,1048,15,9384,0,23,0,0,1086,2024-08-23,13,Friday,金,1086,11.572890025575447,0.24509803921568626,81,5,"['北海道', '免許合宿', '釧路', '一人旅', 'fyp']",['旅行'],旅行
18076272091531540,"あっという間に合宿が終わりました

1人行動のメリットデメリットが実感できて今
後に活かしたいと思います。
まずは友達と遊びに行くことが次の楽しみですね。予定はないけど

#免許合宿 #北海道 #vlog #大学生 #fyp #1人行動",VIDEO,https://www.instagram.com/reel/C-7yscbPcD8/,2024-08-21 13:54:21+00:00,827,23,48895,0,79,1,0,930,2024-08-21,13,Wednesday,水,930,1.9020349729011146,0.16157071275181512,118,6,"['免許合宿', '北海道', 'vlog', '大学生', 'fyp', '1人行動']",['大学生活'],大学生活
18020865548161428,"効果測定と仮免許は何とか合格できました。

1人が暇過ぎて、自発的に勉強してたのが
自分でも信じられないです🙂

#免許合宿 #大学生 #vlog #北海道 #釧路 #fyp #1人免許合宿勢と繋がりたい",VIDEO,https://www.instagram.com/reel/C-u8g0jv0eR/,2024-08-16 14:06:35+00:00,1099,24,124432,0,105,1,0,1229,2024-08-16,14,Friday,金,1229,0.9876880545197376,0.08438343834383438,102,7,"['免許合宿', '大学生', 'vlog', '北海道', '釧路', 'fyp', '1人免許合宿勢と繋がりたい']","['自分磨き', '大学生活']",自分磨き
18058453255628905,"免許合宿は意外と忙しい。

夏の釧路は涼しくて過ごしやすいので
避暑地には最適かもしれないです

#免許合宿 #北海道 #大学生 #vlog #fyp",VIDEO,https://www.instagram.com/reel/C-fhREgPlbb/,2024-08-10 14:23:04+00:00,1516,29,169732,0,179,2,0,1726,2024-08-10,14,Saturday,土,1726,1.0168972262154454,0.10546037282303866,75,5,"['免許合宿', '北海道', '大学生', 'vlog', 'fyp']",['大学生活'],大学生活
17933869913874895,"免許取れる気がしないけど何とか頑張ります、

友達曰くこっちには何もないらしいので
近いうちにYouTubeかインスタライブ
すると思います

#免許合宿 #vlog #大学生 #fyp #日常",VIDEO,https://www.instagram.com/reel/C-SYlx_vsrC/,2024-08-05 11:56:33+00:00,1324,34,95560,0,184,1,0,1543,2024-08-05,11,Monday,月,1543,1.614692339891168,0.19254918375889493,97,5,"['免許合宿', 'vlog', '大学生', 'fyp', '日常']",['大学生活'],大学生活
17850715491225409,"grwmよりモーニングルーティンみたいになったかもしれない。
テストも終わって夏休みに入ったけど
有意義に過ごしたい、です

#pr #大学生 #grwm #vlog #fyp

#香水 #フレグランス #香水好きな人と繋がりたい #香り好きな人と繋がりたい #アロマ #コスメ #人気香水 #オススメ香水 #デパコス #ユニセックス香水 #大人の香り  #香水マニア #香水オタク #香水紹介 #モテ香水 #djfoy #DIふぉい #noxiii #ナンバーサーティーン#レペゼンフォックス",VIDEO,https://www.instagram.com/reel/C-ID6HjPlE-/,2024-08-01 11:50:47+00:00,1154,25,65327,0,259,6,0,1444,2024-08-01,11,Thursday,木,1444,2.2104183568815343,0.3964670044545134,247,24,"['pr', '大学生', 'grwm', 'vlog', 'fyp', '香水', 'フレグランス', '香水好きな人と繋がりたい', '香り好きな人と繋がりたい', 'アロマ', 'コスメ', '人気香水', 'オススメ香水', 'デパコス', 'ユニセックス香水', '大人の香り', '香水マニア', '香水オタク', '香水紹介', 'モテ香水', 'djfoy', 'DIふぉい', 'noxiii', 'ナンバーサーティーン#レペゼンフォックス']","['暮らし', '美容', '自分磨き', '大学生活']",暮らし
17969021852756644,"あんまり勉強に勤しめてないテスト前の大学生

久しぶりの投稿です🙇

________________________________

試験前なのに、自分の将来について考える時間が増えていました。早いうちからやりたいことを見つけるのは難しいので、インターンに参加して企業での仕事を楽しみながらこなす方法を学ぶべきだとか、若いうちに多くの経験を積むべきだとか、夏季インターンや就活中の兄の影響もあり、色々と考えるようになりました。

夏休みの予定を立てている最中で、インターンに行くか迷ってます。でも、今の自分は動画を撮って人に届けること、人と繋がることが楽しいと感じているので、このSNS活動をうまく仕事に繋げたいと思っています。これまでとは少し違う方向で（アカウントを分けるかもしれませんが）、温泉や自然巡りなど、日本を旅することも考えてます。

自分の活動はフォロワーの皆さんに支えられている部分が多く、フォロワーさんから学ぶこともたくさんあると感じています。これからも「こんなことをしてほしい」といったご意見やアドバイスをいただけると嬉しいです！

こうしたことを踏まえて、夏休みの計画を立てていきたいと思います。皆さんのご意見を参考にしながらこのアカウントを通して成長できるように頑張ります。

突然の長文失礼しました🙇

でもまずは明後日の試験が非常にまずいので勉強します😇

#大学生#vlog#自分磨き#勉強#筋トレ#fyp",VIDEO,https://www.instagram.com/reel/C9pCHWUvcQe/,2024-07-20 11:08:18+00:00,751,20,31849,0,128,1,0,900,2024-07-20,11,Saturday,土,900,2.825834406103802,0.4018964488680964,620,1,['大学生#vlog#自分磨き#勉強#筋トレ#fyp'],"['旅行', '筋トレ', '自分磨き', '大学生活']",旅行
18126792160322621,"また友達とセミパーソナルジムで筋トレしてきました。

普段着る服に悩んでたんですけど、結論筋肉つければ何でも良さそうってことになったので
筋トレ頑張ります。

#自分磨き#男磨き#vlog#筋トレ#06#大学生",VIDEO,https://www.instagram.com/reel/C9AAysupAcG/,2024-07-04 12:10:45+00:00,835,24,30168,0,143,1,0,1003,2024-07-04,12,Thursday,木,1003,3.3247149297268628,0.47401219835587377,105,1,['自分磨き#男磨き#vlog#筋トレ#06#大学生'],"['筋トレ', '自分磨き', '大学生活']",筋トレ
18105040012408398,"大学生の息抜きとコラボ。

久しぶりに再開した友達がTikTokやってました。かつてはゲーム仲間だったけど、今では海外でサッカー頑張ってて尊敬です⚽️

すごい楽しかったのでまたコラボしましょう
@l._05921 @leo.yoda921 

#大学生の日常#大学生#vlog#06#fyp#コラボ
#息抜き",VIDEO,https://www.instagram.com/reel/C8ra-aYJOJ2/,2024-06-26 12:20:35+00:00,992,28,31394,0,105,5,0,1130,2024-06-26,12,Wednesday,水,1130,3.599413900745365,0.3344588137860738,155,2,"['大学生の日常#大学生#vlog#06#fyp#コラボ', '息抜き']",['大学生活'],大学生活
17903950550992340,"充実した大学生の1日

今回は友達と一緒にセミパーソナルジム「Fitness Studio Lien」に行ってきました！いつも1人で筋トレするよりも、丁寧に教えてもらえてすぐに実践できるので、凄く良かったです😌

やっぱり予定を詰めた方が1日の達成感があって充実しますね。今回一緒に行ってくれた尊敬する友達も、忙しいほど生きてる実感があると言ってたので、僕も見習って色々詰め込もうと思います🔥

#男磨き#自分磨き#筋トレ#大学生#大学生の日常 #vlog",VIDEO,https://www.instagram.com/reel/C8PMw_NJcT9/,2024-06-15 13:21:28+00:00,1072,29,34442,0,158,4,0,1263,2024-06-15,13,Saturday,土,1263,3.667034434701818,0.458742233319784,228,2,"['男磨き#自分磨き#筋トレ#大学生#大学生の日常', 'vlog']","['筋トレ', '自分磨き', '大学生活']",筋トレ
18437422018025426,"今回は自分磨きをする理由です🙇‍♂️

半年くらい前から、周りの人に良い影響を与えられることが嬉しくて色々続けるようになりました。

アフレコしようか迷ったんですけどひろゆきの方が日本語流暢に話せるのでこっちにしました🫥

#自分磨き#大学生#vlog#おすすめ#早慶戦#みんな頑張った",VIDEO,https://www.instagram.com/reel/C7waw59pc0B/,2024-06-03 14:15:46+00:00,785,27,26741,0,52,3,0,867,2024-06-03,14,Monday,月,867,3.242212333121424,0.19445794846864364,143,1,['自分磨き#大学生#vlog#おすすめ#早慶戦#みんな頑張った'],"['自分磨き', '大学生活']",自分磨き
17970325919723011,"自分磨きでして良かったことは今回の4つ

昔の自分と比べると大分変われたと思います
どれもまだまだ完璧ではないので、引き続き頑張ります🔥

最後の自己発信は三日坊主の自分にとって
モチベーションを維持する上で効果的でした😌
継続するのが苦手な方は発信を始めるのも一つの手かもしれません、！

友達各位
仲間を増やしたいのでSNS始めませんか、

______________________________________

『OBgE ナチュラルカバーファンデーショ
ン』

大事な用事がある時は朝にこのファンデーション使ってます！
自然に仕上がるのでおすすめです。

Qoo10メガ割期間中で6/1～12はお得に買えます！

#垢抜け#自分磨き#男磨き#大学生#高校生#ルーティン#おすすめ
#AD#ADgE #オブジェ#ナチュラルカバー
ファンデーション",VIDEO,https://www.instagram.com/reel/C7okB7wpwzo/,2024-05-31 13:13:22+00:00,699,22,28386,0,139,3,0,863,2024-05-31,13,Friday,金,863,3.040231099837948,0.4896780102867611,380,3,"['垢抜け#自分磨き#男磨き#大学生#高校生#ルーティン#おすすめ', 'AD#ADgE', 'オブジェ#ナチュラルカバー']","['暮らし', '自分磨き', '大学生活']",暮らし
17941279847819178,"徐々に学校でも動画撮れるようになってきたかもしれない。

今回は大学生のリアルな1日を撮ってみました
明確な目標が何もないのでダンスでもやってみようかな

#大学生#vlog#おすすめ#慶應#自分磨き",VIDEO,https://www.instagram.com/reel/C7l10ncJ44r/,2024-05-30 11:46:48+00:00,1596,35,68875,0,263,8,0,1902,2024-05-30,11,Thursday,木,1902,2.761524500907441,0.3818511796733213,100,1,['大学生#vlog#おすすめ#慶應#自分磨き'],"['自分磨き', '大学生活']",自分磨き
18074713405443159,"充実してて大学生活は順調
ぼちぼち勉強もします、

1日vlogじゃなくて企画とかもするのが良いのかな🤔

#大学生#日常#大学生の日常#vlog#おすすめ#fyp#reelsinstagram",VIDEO,https://www.instagram.com/reel/C7bzc5IJ_ul/,2024-05-26 14:07:27+00:00,727,27,27431,0,43,1,0,798,2024-05-26,14,Sunday,日,798,2.9091174218949365,0.15675695381138127,97,1,['大学生#日常#大学生の日常#vlog#おすすめ#fyp#reelsinstagram'],"['暮らし', '自分磨き', '大学生活']",暮らし
18004530050599602,"今回は学校でプロテイン配布おじさんになってきました。みんなに喜んでもらえて嬉しかったです🙂

プロテインなのに、飲み心地はまるでジュース

粉っぽさが気になったり、プロテイン感が苦手な方におすすめです！

提供　　　　　 ：Naturecan株式会社 

webサイト：https://www.naturecan-fitness.jp/ 

今回のおすすめ商品 　：https://www.naturecan-fitness.jp/products/clear-whey-protein

5/25(土)~5/27(月)の3日間で対象商品最大50％OFFの”プロテイン特別価格セール”開催中です！
特別ディスカウントコード「KOU」のコード利用で購入総額から、さらに10％OFFで購入できます！

#大学生#日常#vlog#慶應#おすすめ#naturecan#プロテイン#おいしい",VIDEO,https://www.instagram.com/reel/C7XparUhLE8/,2024-05-24 23:23:24+00:00,973,33,49934,0,152,10,0,1168,2024-05-24,23,Friday,金,1168,2.3390875956262267,0.3044018103897144,390,1,['大学生#日常#vlog#慶應#おすすめ#naturecan#プロテイン#おいしい'],"['筋トレ', '大学生活']",筋トレ
18226383472278538,"高校生の時の生活リズムに戻したい

最近インスタで4時起きして勉強する社会人の方を見つけて、感化されました
明日から継続して朝活出来るように頑張ります！

勉強にしても自分磨きにしても継続力が大事だと思うので皆さん一緒に頑張りましょう🔥

#vlog#大学生の日常#朝活#自分磨き#おすすめ",VIDEO,https://www.instagram.com/reel/C7EjJUjJyXB/,2024-05-17 13:29:52+00:00,1030,34,20330,0,123,9,0,1196,2024-05-17,13,Friday,金,1196,5.8829316281357595,0.6050172159370388,145,1,['vlog#大学生の日常#朝活#自分磨き#おすすめ'],"['暮らし', '自分磨き', '大学生活']",暮らし
18097700581408932,"予定が無い日は料理と筋トレで誤魔化しましょう🧑‍🍳🏋️

最近編集とか課題とかで寝る時間が遅くなって朝活が全然出来てないので、そろそろ生活リズム整えないと、、

#大学生#自分磨き#vlog#筋トレ#おすすめ#routine",VIDEO,https://www.instagram.com/reel/C638IKtJe_P/,2024-05-12 15:57:47+00:00,999,36,23373,0,126,5,0,1166,2024-05-12,15,Sunday,日,1166,4.988662131519274,0.5390835579514826,112,1,['大学生#自分磨き#vlog#筋トレ#おすすめ#routine'],"['暮らし', '筋トレ', '自分磨き', '大学生活']",暮らし
17857801782155695,"少しずつ友達もでき始めていい感じです
同じクラスの人には意外とバレてました笑

最近ありがたいことに
案件のお誘いをいただいたり、僕の動画をみて自分磨きを始めて生活が変わったっていうDMを多くいただけるようになったり

SNSを始めただけでこうやって
色々なことが出来て沢山の人と繋がれるようになって嬉しい。

個人的には皆さんにもSNS始めて欲しいっていう願望があります🫣

SNSは生活を変えられる一つのツールで、
自分は投稿を始めてから大分考え方も変わって成長した実感があるので、もし今の環境に悩んでいる方がいたら
是非一度試してみてください、！

長文失礼しました🙇‍♂️

#自分磨き#大学生#大学生の日常#vlog#routine#おすすめ",VIDEO,https://www.instagram.com/reel/C6giSpzJpTD/,2024-05-03 13:51:46+00:00,1028,30,28675,0,125,38,0,1221,2024-05-03,13,Friday,金,1221,4.258064516129032,0.4359197907585004,326,1,['自分磨き#大学生#大学生の日常#vlog#routine#おすすめ'],"['暮らし', '自分磨き', '大学生活']",暮らし
18027493439076126,"少しずつ前進してる気がする、
意識高くいきましょう

#vlog#大学生の日常#大学生#日常#おすすめ",VIDEO,https://www.instagram.com/reel/C6TgqRZJEfj/,2024-04-28 12:20:36+00:00,1703,30,225005,0,281,6,0,2020,2024-04-28,12,Sunday,日,2020,0.897757827603831,0.12488611364191907,51,1,['vlog#大学生の日常#大学生#日常#おすすめ'],['大学生活'],大学生活
18040388488774798,"更新遅くなってすみません！

文字ではいくらでも書き連ねられるのに、現実では無口なのどうにかしたいです。

#vlog#fyp#日常#大学生#06#05#uni",VIDEO,https://www.instagram.com/reel/C58iqZ2pRv9/,2024-04-19 14:15:26+00:00,1309,39,50091,0,147,1,0,1496,2024-04-19,14,Friday,金,1496,2.986564452696093,0.2934658920764209,80,1,['vlog#fyp#日常#大学生#06#05#uni'],['大学生活'],大学生活
17974552781688828,"大学の先輩にも知られてるみたいで割と恥ずかしい。見かけても温かい目で見てください🫨

#大学生#vlog#大学生の日常#おすすめ#fyp",VIDEO,https://www.instagram.com/reel/C5dYfueJrGg/,2024-04-07 11:52:51+00:00,2333,66,130001,0,396,16,0,2811,2024-04-07,11,Sunday,日,2811,2.162291059299544,0.3046130414381428,68,1,['大学生#vlog#大学生の日常#おすすめ#fyp'],['大学生活'],大学生活
18041219782689897,"アフレコ初挑戦してみました。
難しいし恥ずかしいしで顔がない、、

新しいカメラは美顔効果がついてるみたいで顔が全然違う笑

#日常#vlog#06#大学生#fyp#おすすめ#自分磨き",VIDEO,https://www.instagram.com/reel/C5LlZ4jpkk-/,2024-03-31 13:53:59+00:00,1833,90,161773,0,322,13,0,2258,2024-03-31,13,Sunday,日,2258,1.3957829798544874,0.19904433990839016,92,1,['日常#vlog#06#大学生#fyp#おすすめ#自分磨き'],"['自分磨き', '大学生活']",自分磨き
18031276726758713,"大学生活不安しかない🙃
予定が無い日はずっと家にいるの
直さないと、、

#vlog#06#朝活#自分磨き#日常#休日の過ごし方",VIDEO,https://www.instagram.com/reel/C5BGauapRjC/,2024-03-27 12:13:35+00:00,1412,23,44132,0,178,0,0,1613,2024-03-27,12,Wednesday,水,1613,3.654944258134687,0.40333544820085204,64,1,['vlog#06#朝活#自分磨き#日常#休日の過ごし方'],"['暮らし', '自分磨き', '大学生活']",暮らし
18012190727200489,"本当にあっという間の高校生活で寂しい。

今回は卒業式で素敵な写真を撮っていただきました！

📷カメラマンさん→@ri.pho.to

#reelsinstagram#fyp#高校生#卒業#06#おすすめ",VIDEO,https://www.instagram.com/reel/C474NfgJKiJ/,2024-03-25 11:36:27+00:00,1114,17,46962,0,74,5,0,1210,2024-03-25,11,Monday,月,1210,2.576551254205528,0.15757420893488353,102,1,['reelsinstagram#fyp#高校生#卒業#06#おすすめ'],['暮らし'],暮らし
18075400633463637,"無事に高校卒業しました！🎓

昔と比べると大分変われた気がします。
周りの方々には本当感謝しかないです☺️

大学生編も投稿していきたいと思うので、良かったらこれからも見ていただけると嬉しいです！

#卒業#卒業式#高校生#fyp#おすすめ#vlog#06",VIDEO,https://www.instagram.com/reel/C45cRKopaBL/,2024-03-24 12:51:53+00:00,3795,106,178698,0,615,27,0,4543,2024-03-24,12,Sunday,日,4543,2.5422780333299757,0.3441560621831246,128,1,['卒業#卒業式#高校生#fyp#おすすめ#vlog#06'],['大学生活'],大学生活
18043104463710521,"ディズニーらしさゼロのディズニーvlog

この感じで3人とも優秀なのは聞いてない😐

#vlog#日常#高校生#06#おすすめ#fyp",VIDEO,https://www.instagram.com/reel/C40NN4MJyrE/,2024-03-22 12:04:16+00:00,1494,18,53064,0,134,3,0,1649,2024-03-22,12,Friday,金,1649,3.107568219508518,0.25252525252525254,68,1,['vlog#日常#高校生#06#おすすめ#fyp'],['その他'],その他
18023790527071307,"昼夜逆転の謎テンションで撮ってしまった。
編集楽しかったから後悔はないです、、🫣

#高校生#06#vlog#日常#おすすめ#fyp",VIDEO,https://www.instagram.com/reel/C4p6PHYJ30S/,2024-03-18 12:03:37+00:00,1000,29,36520,0,107,0,0,1136,2024-03-18,12,Monday,月,1136,3.1106243154435926,0.29299014238773274,66,1,['高校生#06#vlog#日常#おすすめ#fyp'],['その他'],その他
17996757299577709,"中1→高3
6年で少しは変われたかな🙂

#fyp#06#reelsinstagram#垢抜け",VIDEO,https://www.instagram.com/reel/C4kz-chJ6-3/,2024-03-16 12:30:42+00:00,30499,298,350247,0,2250,215,0,33262,2024-03-16,12,Saturday,土,33262,9.496726595802391,0.6424037893258187,47,1,['fyp#06#reelsinstagram#垢抜け'],['その他'],その他
17988829106440960,"1ヶ月半のロンドン観光も終わり、これからまた日本で頑張ります🔥

時差ボケか朝活のせいか分からないけど帰国後昼間が眠すぎる、、

#朝活#自分磨き#06#fyp#vlog",VIDEO,https://www.instagram.com/reel/C4iKWZvJurz/,2024-03-15 11:48:38+00:00,952,20,22635,0,95,2,0,1069,2024-03-15,11,Friday,金,1069,4.72277446432516,0.41970399823282534,85,1,['朝活#自分磨き#06#fyp#vlog'],"['旅行', '自分磨き']",旅行
18226891891248242,"濃い1日でした
ロンドン残り1日なの信じられない😢

#朝活#高校生#vlog#06",VIDEO,https://www.instagram.com/reel/C4X_Y3WpwA4/,2024-03-11 13:07:09+00:00,2841,30,76931,0,440,3,0,3314,2024-03-11,13,Monday,月,3314,4.307756301100986,0.571941090067723,42,1,['朝活#高校生#vlog#06'],['自分磨き'],自分磨き
18112020967366891,"意識は常に高く持つのが大事な気がしてきました。
投稿している以上、継続して自分磨いていきたいと思います🔥

#朝活#自分磨き#高校生#06#vlog",VIDEO,https://www.instagram.com/reel/C4QGz6gpa2y/,2024-03-08 11:33:38+00:00,2187,17,66337,0,489,8,0,2701,2024-03-08,11,Friday,金,2701,4.071634231273649,0.7371451829295869,74,1,['朝活#自分磨き#高校生#06#vlog'],['自分磨き'],自分磨き
18000056819252503,"しばらくクロワッサンは食べないと思います

#大きすぎ#おすすめ#fyp#06",VIDEO,https://www.instagram.com/reel/C4LGw_3JlLy/,2024-03-06 12:54:31+00:00,1261,28,49904,0,129,3,0,1421,2024-03-06,12,Wednesday,水,1421,2.8474671369028535,0.25849631292080794,39,1,['大きすぎ#おすすめ#fyp#06'],['その他'],その他
18084171649429661,"自然からしか摂取できない何かがある
公園巡りも良いかもしれない😌

#06#自分磨き#fyp#おすすめ#vlog",VIDEO,https://www.instagram.com/reel/C4DUbT-plpO/,2024-03-03 12:21:28+00:00,1144,9,25247,0,92,1,0,1246,2024-03-03,12,Sunday,日,1246,4.935239830474908,0.3643997306610686,56,1,['06#自分磨き#fyp#おすすめ#vlog'],['自分磨き'],自分磨き
18415419487017558,"朝活の度が過ぎた1日でした

自分磨き系朝活男子になるしかないのかな
色々模索してる最中なのでアドバイスいただけると嬉しいです🙂

#朝活#自分磨き#高校生#おすすめ#vlog#fyp",VIDEO,https://www.instagram.com/reel/C37n367pF8g/,2024-02-29 12:39:05+00:00,2204,32,132766,0,441,1,0,2678,2024-02-29,12,Thursday,木,2678,2.017082686832472,0.33216335507584777,92,1,['朝活#自分磨き#高校生#おすすめ#vlog#fyp'],['自分磨き'],自分磨き
17932639877815001,"人生初の友達だけで海外旅行🇪🇸
充実した4日間でした。

家族旅行も良いけど友達と行くのも凄く楽し
#高校生#fyp#vlog#バルセロナ#海外旅行#06",VIDEO,https://www.instagram.com/reel/C3u_TInJnth/,2024-02-24 14:51:01+00:00,817,16,11469,0,49,1,0,883,2024-02-24,14,Saturday,土,883,7.699014735373616,0.42723864329932865,77,1,['高校生#fyp#vlog#バルセロナ#海外旅行#06'],['旅行'],旅行
18044003860722277,"全部中途半端だったことに気付いたので力入れて頑張ります💪
・
・
・
友達と合流してイギリス、スペイン観光満喫したので、溜まってた動画上げます🙇‍♂️

#自分磨き#おすすめ#高校生#vlog#fyp#London",VIDEO,https://www.instagram.com/reel/C3kd0zjvFBX/,2024-02-20 12:48:55+00:00,1662,42,18474,0,294,1,0,1999,2024-02-20,12,Tuesday,火,1999,10.820612753058352,1.5914257875933744,107,1,['自分磨き#おすすめ#高校生#vlog#fyp#London'],"['旅行', '自分磨き']",旅行
18011504282242744,"綺麗なロンドンを共有させてください

一つの投稿に収まりきらないくらい素晴らしい街です🇬🇧

#ロンドン#海外旅行#fyp#06",VIDEO,https://www.instagram.com/reel/C3KqbtYJmu4/,2024-02-10 12:15:33+00:00,749,17,8042,0,22,0,0,788,2024-02-10,12,Saturday,土,788,9.798557572743098,0.2735637901019647,64,1,['ロンドン#海外旅行#fyp#06'],['旅行'],旅行
18024788293801504,"休日の過ごし方🇬🇧
今度は丸一日博物館巡りしてみようかな。

#おすすめ#fyp#ロンドン#海外旅行#vlog#06",VIDEO,https://www.instagram.com/reel/C293Db_p3DA/,2024-02-05 13:08:40+00:00,588,7,8509,0,26,0,0,621,2024-02-05,13,Monday,月,621,7.298154894817252,0.30555882007286406,58,1,['おすすめ#fyp#ロンドン#海外旅行#vlog#06'],['旅行'],旅行
18245825233240506,"18歳の誕生日はロンドンで迎えました。
貴重な体験をさせてくれた友達に感謝😊

#高校生#おすすめ#fyp#vlog#海外旅行#ロンドン",VIDEO,https://www.instagram.com/reel/C2zp484pXzl/,2024-02-01 13:49:36+00:00,2801,50,13418,0,377,4,0,3232,2024-02-01,13,Thursday,木,3232,24.087047249962737,2.8096586674616186,68,1,['高校生#おすすめ#fyp#vlog#海外旅行#ロンドン'],['旅行'],旅行
18298103653148747,"高校最後の春休みは最初から予定詰め込みすぎてる、笑
新宿御苑、King Gnuのライブからのロンドン🇬🇧
またしばらくイギリスにいるのでおすすめの場所や行って欲しい所等あれば教えてください🙇‍♂️
#高校生#おすすめ#fyp#vlog#London",VIDEO,https://www.instagram.com/reel/C2uWnn4MTBS/,2024-01-30 12:27:32+00:00,700,25,8733,0,42,0,0,767,2024-01-30,12,Tuesday,火,767,8.782777968624757,0.48093438680865686,124,1,['高校生#おすすめ#fyp#vlog#London'],['その他'],その他
18305996914121907,"高校最後のテスト期間が終わりました
高校3年間があっという間で少し寂しい🫥

#高校生#おすすめ#fyp#fyp",VIDEO,https://www.instagram.com/reel/C2m2AeBJGQ3/,2024-01-27 14:26:49+00:00,3339,56,18202,0,586,5,0,3986,2024-01-27,14,Saturday,土,3986,21.89869245137897,3.2194264366553127,56,1,['高校生#おすすめ#fyp#fyp'],['その他'],その他
17963437277573239,"今年はアクティブな年初めになりました🔥

#おすすめ#fyp#vlog#高校生#06",VIDEO,https://www.instagram.com/reel/C1zN9spp619/,2024-01-07 13:13:51+00:00,1415,29,6845,0,116,0,0,1560,2024-01-07,13,Sunday,日,1560,22.79035792549306,1.6946676406135865,42,1,['おすすめ#fyp#vlog#高校生#06'],['その他'],その他
18014486840105482,"新年初投稿です！
今年もよろしくお願いします。

自分磨きでした方が良いことあれば教えて欲しいです、！
#自分磨き#男磨き#おすすめ#高校生#vlog#fyp#モイスティーヌ代官山サロン",VIDEO,https://www.instagram.com/reel/C1reDmbpn3X/,2024-01-04 13:01:42+00:00,1762,46,5979,0,207,1,0,2016,2024-01-04,13,Thursday,木,2016,33.71801304565981,3.462117410938284,93,1,['自分磨き#男磨き#おすすめ#高校生#vlog#fyp#モイスティーヌ代官山サロン'],['自分磨き'],自分磨き
17853760194098875,"今年は色々なことができて充実した1年でした
皆さん良いお年を！

#thankyou2023#おすすめ#男子高校生#06#fyp",VIDEO,https://www.instagram.com/reel/C1hDojbJ0hN/,2023-12-31 11:59:48+00:00,1787,21,6157,0,103,0,0,1911,2023-12-31,11,Sunday,日,1911,31.03784310540848,1.6728926425207082,64,1,['thankyou2023#おすすめ#男子高校生#06#fyp'],['その他'],その他
17902202138837499,"感性を磨いた1日。
雰囲気少し変えてみました

#おすすめ#休日の過ごし方 #高校生#vlog#fyp",VIDEO,https://www.instagram.com/reel/C1ZQVuiJGak/,2023-12-28 11:20:02+00:00,1337,18,4597,0,98,0,0,1453,2023-12-28,11,Thursday,木,1453,31.607570154448556,2.1318251033282576,51,2,"['おすすめ#休日の過ごし方', '高校生#vlog#fyp']",['その他'],その他
17887597136966911,"メリークリスマス🎄

来年こそは。
#おすすめ#高校生#vlog#fyp#クリスマス#ソロ活",VIDEO,https://www.instagram.com/reel/C1PPE3CpaZZ/,2023-12-24 13:50:22+00:00,1982,48,4374,0,170,0,0,2200,2023-12-24,13,Sunday,日,2200,50.29721079103795,3.8866026520347505,46,1,['おすすめ#高校生#vlog#fyp#クリスマス#ソロ活'],['その他'],その他
18171625318295813,"最近毎日充実してて楽しいです
#おすすめ#男子高校生の日常#高校生#vlog#fyp#06",VIDEO,https://www.instagram.com/reel/C1MspVtpdev/,2023-12-23 14:11:23+00:00,2176,31,5129,0,260,0,0,2467,2023-12-23,14,Saturday,土,2467,48.09904464807955,5.069214271787873,45,1,['おすすめ#男子高校生の日常#高校生#vlog#fyp#06'],['その他'],その他
18018974080819246,"陽気な3人で賑やかでした🙃

課題に追われてて久しぶりの投稿です
#おすすめ#高校生の日常#高校生#06#vlog#fyp",VIDEO,https://www.instagram.com/reel/C1HWifnpDiK/,2023-12-21 12:24:07+00:00,1620,32,4655,0,134,0,0,1786,2023-12-21,12,Thursday,木,1786,38.36734693877551,2.878625134264232,61,1,['おすすめ#高校生の日常#高校生#06#vlog#fyp'],['その他'],その他
17882938775919008,"卒業までに友達全員に動画出てもらいたい🙄

#おすすめ#高校生#vlog#fyp",VIDEO,https://www.instagram.com/reel/C0l3IlAJUgl/,2023-12-08 12:14:04+00:00,1999,28,4694,0,238,1,0,2266,2023-12-08,12,Friday,金,2266,48.27439284192586,5.070302513847465,40,1,['おすすめ#高校生#vlog#fyp'],['その他'],その他
17895560606929972,"男磨きのモチベ爆上がりでした
#男磨き#おすすめ#高校生#vlog#fyp",VIDEO,https://www.instagram.com/reel/C0TxrBSpLNC/,2023-12-01 11:38:28+00:00,1215,21,4267,0,107,1,0,1344,2023-12-01,11,Friday,金,1344,31.49753925474572,2.5076165924537146,37,1,['男磨き#おすすめ#高校生#vlog#fyp'],['その他'],その他
18069997381448610,#おすすめ#高校生#vlog#fyp#柴犬,VIDEO,https://www.instagram.com/reel/C0Jk-Fpp94L/,2023-11-27 12:36:55+00:00,1229,21,3032,0,67,0,0,1317,2023-11-27,12,Monday,月,1317,43.43667546174142,2.2097625329815305,21,1,['おすすめ#高校生#vlog#fyp#柴犬'],['その他'],その他
18059563261441807,"新大久保巡りしました。
韓国は絶対行きたい🇰🇷

#おすすめ#高校生#vlog#fyp#新大久保",VIDEO,https://www.instagram.com/reel/Cz_SGE2pFmo/,2023-11-23 12:38:08+00:00,1739,39,4097,0,191,0,0,1969,2023-11-23,12,Thursday,木,1969,48.059555772516475,4.661947766658531,48,1,['おすすめ#高校生#vlog#fyp#新大久保'],['その他'],その他
18009645356019188,"顔が近すぎる

期末試験終わったのでまた動画上げていきます

#おすすめ#高校生#vlog#fyp#routine",VIDEO,https://www.instagram.com/reel/Czv2g_DpC8q/,2023-11-17 12:48:59+00:00,4210,43,5934,0,853,2,0,5108,2023-11-17,12,Friday,金,5108,86.08021570610043,14.37478934951129,57,1,['おすすめ#高校生#vlog#fyp#routine'],['その他'],その他
17997675779072702,"テスト前でネタが無いので次回以降質問コーナーやってみます

#おすすめ#高校生#vlog#fyp#毛穴洗浄",VIDEO,https://www.instagram.com/reel/CzGow_-phnN/,2023-11-01 12:39:01+00:00,2399,27,3808,0,322,0,0,2748,2023-11-01,12,Wednesday,水,2748,72.16386554621849,8.455882352941178,53,1,['おすすめ#高校生#vlog#fyp#毛穴洗浄'],['その他'],その他
17998899782504234,"グクには及ばないけど、、
Calvin Klein着てみました。

#自分磨き#おすすめ#高校生#vlog#fyp
#calvinklein#jungkook",VIDEO,https://www.instagram.com/reel/CysyBWAJqnD/,2023-10-22 11:41:24+00:00,2452,28,4694,0,513,0,0,2993,2023-10-22,11,Sunday,日,2993,63.76224968044312,10.928845334469536,79,2,"['自分磨き#おすすめ#高校生#vlog#fyp', 'calvinklein#jungkook']",['自分磨き'],自分磨き
18004911917105749,"友達を撮ったら音源にぴったりでかっこよすぎた。

たまにはこういう投稿も失礼します🙇
#fyp#高校生",VIDEO,https://www.instagram.com/reel/CyqVnyaJ0JE/,2023-10-21 12:55:08+00:00,1496,10,4196,0,164,0,0,1670,2023-10-21,12,Saturday,土,1670,39.799809342230695,3.9084842707340326,51,1,['fyp#高校生'],['その他'],その他
17913924119818705,"3年になってからほぼ毎日同じ生活してる気がする

ネタ切れ感が否めないので
どなたか心優しい方ネタ提供お願いします🙇

#自分磨き#おすすめ#高校生#vlog#fyp#routine",VIDEO,https://www.instagram.com/reel/CynvAQXJLmE/,2023-10-20 12:39:16+00:00,41938,153,12359,0,9520,6,0,51617,2023-10-20,12,Friday,金,51617,417.64705882352945,77.02888583218707,91,1,['自分磨き#おすすめ#高校生#vlog#fyp#routine'],"['暮らし', '自分磨き']",暮らし
17995709225507166,"映えスポットが人気な理由が分かりました

#おすすめ#高校生#vlog#fyp",VIDEO,https://www.instagram.com/reel/CyVsOoppPlR/,2023-10-13 12:26:48+00:00,1882,23,3543,0,247,0,0,2152,2023-10-13,12,Friday,金,2152,60.73948631103585,6.9714930849562515,39,1,['おすすめ#高校生#vlog#fyp'],['その他'],その他
18024152179666209,"最近高校生らしいことしてる気がする
勉強もしないと...
#自分磨き#男磨き##高校生#vlog#fyp",VIDEO,https://www.instagram.com/reel/CyGbbv8JN1Q/,2023-10-07 14:12:43+00:00,1676,10,2880,0,241,1,0,1928,2023-10-07,14,Saturday,土,1928,66.94444444444444,8.368055555555555,52,1,['自分磨き#男磨き##高校生#vlog#fyp'],['自分磨き'],自分磨き
18033475180601044,"1人行動がいいと思ってたけど
友達と遊ぶのもやっぱり楽しい

#朝活#自分磨き#男磨き#高校生#おすすめ#vlog#fyp",VIDEO,https://www.instagram.com/reel/CyDoS4dpwu2/,2023-10-06 12:05:28+00:00,10104,58,3418,0,2021,1,0,12184,2023-10-06,12,Friday,金,12184,356.4657694558221,59.12814511410181,61,1,['朝活#自分磨き#男磨き#高校生#おすすめ#vlog#fyp'],['自分磨き'],自分磨き
17985440495378204,#朝活#男磨き#自分磨き#筋トレ#高校生#おすすめ#1日の過ごし方#vlog,VIDEO,https://www.instagram.com/reel/Cx0XhKppa3e/,2023-09-30 13:50:14+00:00,1775,21,2580,0,241,0,0,2037,2023-09-30,13,Saturday,土,2037,78.95348837209303,9.34108527131783,38,1,['朝活#男磨き#自分磨き#筋トレ#高校生#おすすめ#1日の過ごし方#vlog'],"['筋トレ', '自分磨き']",筋トレ
17987191205168310,"かっこつけて英語にしました、すみません

#朝活#男磨き#自分磨き#おすすめ#1日の過ごし方#adayinmylife#workout#vlog",VIDEO,https://www.instagram.com/reel/CxxvDe0pE3f/,2023-09-29 13:19:24+00:00,1302,24,2723,0,237,0,0,1563,2023-09-29,13,Friday,金,1563,57.3999265515975,8.703635695923612,72,1,['朝活#男磨き#自分磨き#おすすめ#1日の過ごし方#adayinmylife#workout#vlog'],['自分磨き'],自分磨き
17996299340013708,"#朝活#朝活高校生#男磨き#自分磨き#おすすめ#1日の過ごし方#workout#vlog#routine
#モイスティーヌ代官山サロン",VIDEO,https://www.instagram.com/reel/CxkvcEQJe99/,2023-09-24 12:11:54+00:00,1445,24,2623,0,244,1,0,1714,2023-09-24,12,Sunday,日,1714,65.34502478078537,9.30232558139535,67,2,"['朝活#朝活高校生#男磨き#自分磨き#おすすめ#1日の過ごし方#workout#vlog#routine', 'モイスティーヌ代官山サロン']",['自分磨き'],自分磨き
17952584465552764,"学校の人に結構バレてて恥ずかしい
意識高い系だから余計に😇

#朝活#朝活高校生#男磨き#自分磨き#おすすめ#1日の過ごし方#vlog#routine",VIDEO,https://www.instagram.com/reel/CxUI54Eyf3Z/,2023-09-18 01:27:40+00:00,3431,46,2807,0,798,1,0,4276,2023-09-18,1,Monday,月,4276,152.3334520840755,28.428927680798004,75,1,['朝活#朝活高校生#男磨き#自分磨き#おすすめ#1日の過ごし方#vlog#routine'],['自分磨き'],自分磨き
17991439637248654,#朝活#朝活高校生#男磨き#自分磨き#おすすめ#1日の過ごし方#workout#vlog#routine,VIDEO,https://www.instagram.com/reel/CxQJXKeS1vI/,2023-09-16 12:14:03+00:00,7440,22,3206,0,1210,0,0,8672,2023-09-16,12,Saturday,土,8672,270.4928259513412,37.741734248284466,52,1,['朝活#朝活高校生#男磨き#自分磨き#おすすめ#1日の過ごし方#workout#vlog#routine'],['自分磨き'],自分磨き
18300878254187192,#朝活#男磨き#自分磨き#モチベ動画#おすすめ#高校生#筋トレ#workout#vlog#routine,VIDEO,https://www.instagram.com/reel/CxK_PhVSD6U/,2023-09-14 12:09:20+00:00,18678,261,13954,0,4927,7,0,23874,2023-09-14,12,Thursday,木,23873,171.0835602694568,35.30887200802637,52,1,['朝活#男磨き#自分磨き#モチベ動画#おすすめ#高校生#筋トレ#workout#vlog#routine'],"['筋トレ', '自分磨き']",筋トレ
18002125742024241,休息日でした🙇#自分磨き#おすすめ#高校生#男子高校生#06#workout#vlog#routine,VIDEO,https://www.instagram.com/reel/CxF9J2SSLHN/,2023-09-12 13:16:31+00:00,1644,5,3072,0,262,1,0,1912,2023-09-12,13,Tuesday,火,1912,62.239583333333336,8.528645833333332,51,1,['自分磨き#おすすめ#高校生#男子高校生#06#workout#vlog#routine'],['自分磨き'],自分磨き
17943475217603977,"朝活頑張りました
自分以外家族の誕生日が9月なの何なんだ。仲間はずれ🤔
#男磨き#自分磨き#モチベ動画#高校生#workout#vlog#routine",VIDEO,https://www.instagram.com/reel/CxA0z6kSD0r/,2023-09-10 13:25:59+00:00,643,3,3690,0,89,0,0,735,2023-09-10,13,Sunday,日,735,19.91869918699187,2.4119241192411924,76,1,['男磨き#自分磨き#モチベ動画#高校生#workout#vlog#routine'],['自分磨き'],自分磨き
17998418546317401,#男磨き#自分磨き#おすすめ#高校生#workout#vlog#routine,VIDEO,https://www.instagram.com/reel/Cw-CTiDyWHL/,2023-09-09 11:26:07+00:00,1018,14,4275,0,295,0,0,1327,2023-09-09,11,Saturday,土,1327,31.040935672514617,6.900584795321637,39,1,['男磨き#自分磨き#おすすめ#高校生#workout#vlog#routine'],['自分磨き'],自分磨き
17881167227877252,意識高い系高校生の1日#高校生#自分磨き#routine,VIDEO,https://www.instagram.com/reel/Cw5AsjwSfnO/,2023-09-07 12:36:58+00:00,919,6,4046,0,190,0,0,1115,2023-09-07,12,Thursday,木,1115,27.55808205635195,4.695996045477014,28,1,['高校生#自分磨き#routine'],['自分磨き'],自分磨き
18255465145164527,"インスタも勉強しつつ頑張ります
#自分磨き#高校生#筋トレ
#vlog#1日の過ごし方",VIDEO,https://www.instagram.com/reel/CwxNkzRyb9r/,2023-09-04 11:57:21+00:00,1016,10,6048,0,247,1,0,1274,2023-09-04,11,Monday,月,1274,21.064814814814813,4.083994708994709,43,2,"['自分磨き#高校生#筋トレ', 'vlog#1日の過ごし方']","['筋トレ', '自分磨き']",筋トレ
17959791509635993,"沢山の出会い、英語勉強、そしてTikTok、ロンドンでの濃い夏休みはあっという間でした🇬🇧
#ロンドン#高校生",CAROUSEL_ALBUM,https://www.instagram.com/p/CwWQUhNyBxC/,2023-08-25 00:38:17+00:00,427,0,2019,0,58,0,0,485,2023-08-25,0,Friday,金,485,24.021792966815255,2.8727092620108965,55,1,['ロンドン#高校生'],['自分磨き'],自分磨き
